{"cameraMode":{"drawMode":0,"name":"Shaded","section":"Shading Mode"},"sceneLighting":true,"audioPlay":false,"sceneViewState":{"showFog":true,"showMaterialUpdate":true,"showSkybox":true,"showFlares":true,"showImageEffects":true,"showParticleSystems":true},"in2DMode":false,"pivot":{"x":-4.228037357330322,"y":-2.8513593673706056,"z":3.951524257659912},"rotation":{"x":-0.12431368976831436,"y":0.6867161989212036,"z":-0.12092820554971695,"w":-0.7059369683265686},"size":25.128686904907228,"orthographic":false}